<?xml version="1.0" encoding="utf-8"?>
<ApplicationPackage xmlns:xsi="http://www.w3.org/2001/XMLSchema-instance" xmlns:xsd="http://www.w3.org/2001/XMLSchema" SchemaVersion="1.0" AutodeskProduct="Revit" ProductType="Application" Name="RevitTransformPlugin" Description="A headless Revit plugin for Design Automation element transformations" AppVersion="1.0.0" ProductCode="{12345678-1234-1234-1234-123456789012}" UpgradeCode="{87654321-4321-4321-4321-210987654321}">
  <CompanyDetails Name="Your Company" Url="https://yourcompany.com" Email="support@yourcompany.com" />
  <ProductDetails Name="Revit Transform Plugin" Description="Headless plugin for Design Automation - processes transforms.json and applies element transformations" />
  <RuntimeRequirements OS="Win64" Platform="Revit" SeriesMin="R2025" SeriesMax="R2025" />
  <Components Description="Revit Transform Plugin Components">
    <RuntimeRequirements OS="Win64" Platform="Revit" SeriesMin="R2025" SeriesMax="R2025" />
    <ComponentEntry AppName="RevitTransformPlugin" ModuleName="./RevitTransformPlugin.dll" AppDescription="Revit Transform Plugin for Design Automation" LoadOnCommand="False" LoadOnStartUp="True" Visible="False" />
  </Components>
  <RevitAddIns>
    <AddIn Type="DBApplication">
      <Text>Revit Transform Plugin</Text>
      <Description>Headless plugin for Design Automation - processes transforms.json and applies element transformations</Description>
      <Assembly>RevitTransformPlugin.dll</Assembly>
      <AddInId>12345678-1234-1234-1234-123456789012</AddInId>
      <FullClassName>RevitTransformPlugin.TransformApp</FullClassName>
      <VendorId>YourCompany</VendorId>
      <VendorDescription>Your Company Name</VendorDescription>
    </AddIn>
  </RevitAddIns>
</ApplicationPackage>















